Created At,Name,Username
2019-07-07 05:00:11+00:00,MD Sha Arafat,MDShaArafat1
2019-12-08 00:33:36+00:00,ì˜¹ ì§„ìƒ,Nokip7
2021-08-11 14:58:03+00:00,Ram,Ramtizer
2017-04-06 05:43:45+00:00,Md. Durbar,icovoult
2022-07-10 10:59:13+00:00,"tressy XtrağŸ€(ğŸ’™,ğŸ§¡) | The RoyaLand",Eucharia61
2019-03-16 21:27:59+00:00,"Ade Babalago.lensğŸ¦‡ğŸ”Š (ğŸ’™,ğŸ§¡) #STEER ğŸ›¸",AdeshinaAdemo16
2022-03-17 08:01:54+00:00,BlackMoon_20.lensğŸ›¸,Blackmoon_020
2020-04-16 15:40:48+00:00,Abiodun Akorede ğŸ¦‡ğŸ”Š,Bonetoshuk
2022-03-16 06:19:05+00:00,Aris oks,oks_aris
2016-01-01 19:09:41+00:00,"Erwin Smith (ğŸ’™,ğŸ§¡) (L3, â„ï¸)",The_Erwin_Smith
2022-07-23 10:02:59+00:00,RzMcknz,Hyund35141458
2022-07-05 23:23:35+00:00,terryush1.nft.lensğŸ›¸,terryush1
2021-10-23 14:32:11+00:00,Kazol123,Kazol121
2021-06-14 19:11:57+00:00,White Star,WhiteStar999
2021-05-25 09:22:45+00:00,Ashik Ahmed ğŸ”¶,Ahashik72
2021-04-14 16:29:02+00:00,ğŸ‘ RAKIB HASAN ğŸ‘,TamannaR_6
2021-01-29 11:44:51+00:00,ct1025.eth,3RHNE9gd16GlnXt
2022-11-18 04:35:22+00:00,huyhuu2023.ğŸ‰,huyhuu2023
2021-11-12 12:54:00+00:00,veer sss,veergamer15
2021-08-29 16:23:03+00:00,Abdullah All Ranim,abdullahranim0
2021-09-16 17:43:33+00:00,Namra,XveltM
2022-07-03 05:36:13+00:00,Ironman300,Ironman30010
2022-02-11 13:30:37+00:00,Justin,Justin95884
2022-11-29 04:37:09+00:00,Afridi NFT,AfridiNFT
2022-03-31 11:38:14+00:00,Alexandra Avalos,Alexand82365381
2022-06-17 23:32:15+00:00,WhitefangHub,Whitefanghub
2021-09-29 07:48:29+00:00,"ğŸ›¸ jsdynasty ğŸ¦‡ğŸ”Š (âš–ï¸,ğŸŒ)",JSdynasty
2021-02-03 00:00:27+00:00,ğŸ‘ KH Bangla 360 ğŸ‘,nilahmed0
2021-11-28 11:46:33+00:00,Abdur Rahman,manha786867
2021-05-20 15:22:07+00:00,"airdropmakemoney.bit (ğŸŒ¸, ğŸŒ¿) .lens",DuyNguy97930158
2021-11-07 13:17:00+00:00,"airdropmakemoney.nom (ğŸŒ¸, ğŸŒ¿) .lens",tankim266
2021-10-04 03:36:52+00:00,"Salacarop (ğŸŒ¸, ğŸŒ¿) .lens",Salacarop
2018-03-23 12:01:24+00:00,"OBA1 CKGBOSS (ğŸ’™,ğŸ§¡) ğŸ›¸",king_ckg
2020-08-25 02:54:28+00:00,kean77,kean773
2021-09-11 14:45:07+00:00,kun cheng,kunchen02894846
2022-10-22 17:21:40+00:00,"cryptobabu(ğŸŒ½,ğŸŒ¾)",cryptobabu69
2022-10-14 06:51:21+00:00,towsifez,towsifez
2022-12-02 10:03:03+00:00,Rahi Ex,ExRahi
2021-08-31 09:04:28+00:00,Irfan khan,Irfankh2022
2021-03-13 02:00:51+00:00,"cryptoboy777 (ğŸ’™,ğŸ§¡)",amcool777
2022-10-01 08:48:08+00:00,Muhammad Irfan,Muhamma83415252
2021-04-08 07:49:44+00:00,Mandy,mandykayman
2022-09-20 14:44:58+00:00,Arfat Ex,arfat_ex
2022-10-21 20:03:03+00:00,Arfat hossen,Arfatho08093249
2021-08-03 02:48:12+00:00,Tuhin Ahamed,Tuhin729
2022-09-17 03:13:29+00:00,rifathossen,rifatho08412169
2020-11-29 12:01:46+00:00,canmehmet,Mehtcan3
2022-03-22 08:02:17+00:00,Rakib Hossen,rxrakib680
2020-06-17 21:16:41+00:00,"Sulthan Arsath (ğŸ’™,ğŸ§¡)",sulthan67198112
2022-12-02 11:58:22+00:00,Lokash Joginder,LokashJoginder
2022-10-28 15:05:51+00:00,RK Virat,RKVirat13
2021-07-06 14:43:42+00:00,"Pritom.nft (ğŸ’™,ğŸ§¡)ğŸ›¸",JoyChow16122996
2022-06-25 06:35:56+00:00,"(L3, â„ï¸)",DikhsRock55
2021-01-03 16:32:45+00:00,"xzxzx(ğŸ’™,ğŸ§¡)ğŸ›¸(L3, â„ï¸)",xzxzx42859088
2022-03-25 06:34:17+00:00,yusuf buÄŸraâ›©ï¸tori,yusufbugra1106
2017-07-01 00:23:43+00:00,"ParZival (ğŸ’™,ğŸ§¡)",Parzival1145
2022-04-18 22:03:43+00:00,cÃ¼neytyarÃ§Ä±n,CuneytYarc
2021-04-29 16:03:45+00:00,Nass Smith,NasiruS66111359
2020-06-26 03:25:47+00:00,"(ğŸ’™,ğŸ§¡)",HirakJy01422282
2021-12-09 15:44:10+00:00,Shahin Islam,i82426548
2017-03-14 22:11:22+00:00,"(ğŸ’™,ğŸ§¡) diyojen.eth ğŸ… # 12DaysOfLayer3",hymltrtr
2022-04-16 04:57:34+00:00,Raj Ridoy,RajRidoy5
2010-05-25 15:48:34+00:00,kansic.nft,Kansic
2021-02-13 17:58:10+00:00,Mani Pranav Puli,manipranavpuli2
2021-09-23 01:24:49+00:00,Tall friend,ALVI84888437
2019-02-12 15:14:34+00:00,Awesome,joshua_idu
2010-06-25 16:40:16+00:00,"sujeesh_ss (ğŸ’™,ğŸ§¡)ğŸ›¸.bit",sujeeshss
2019-11-14 11:56:56+00:00,Kirankumar Pawar,KirankumarPawa8
2021-05-22 08:17:47+00:00,maya begum,mayabegum162
2022-11-01 12:30:31+00:00,ABHILASH,voidcollectors
2022-11-12 17:10:51+00:00,"Avestal.lens (ğŸ’™,ğŸ§¡)",kenanikincii
2021-02-25 10:59:54+00:00,"vination2985""ğŸ›¸""",vinodgawai16
2017-10-07 11:43:10+00:00,Ekeson,EkeneEm05103116
2021-02-04 08:07:00+00:00,"Adam_Solana (ğŸ’™,ğŸ§¡)",adam_solana
2022-09-26 16:51:39+00:00,Matthew Bill@riyuezhiling1.lensğŸŒ˜ğŸ¦‡ğŸ”Š,MatthewBill18
2021-12-01 03:44:27+00:00,ê·¼ì„¸ì°½@queena_john.lens,geunsechang
2022-03-05 08:28:27+00:00,hadii,hadii773489951
2020-07-15 00:16:36+00:00,RP ğŸ“,OneSaneAlpha
2018-01-01 19:29:21+00:00,Abid Ali,AbidAli49577324
2022-11-18 03:34:15+00:00,amirhossainğŸŒ,amirhos42278611
2022-06-02 08:54:56+00:00,Bikram,Bikram11935574
2021-09-25 11:56:36+00:00,Md Yeamin,MdYeami41765041
2010-04-13 14:31:27+00:00,Shafi,M_Shafi
2022-01-12 14:56:20+00:00,Mr.nobody1,frzalireza
2022-04-26 03:25:30+00:00,9898,ydl0801
2012-11-08 06:29:59+00:00,crypto lover,engrmoin_uett
2021-12-11 13:14:41+00:00,"radarlab.eth(ğŸ’™,ğŸ§¡)ğŸ›¸@xuexi19.lens(L3, â„ï¸)",xixue19
2013-09-24 10:10:07+00:00,Sabith ruzcko,SabithRuzcko
2022-01-28 04:22:00+00:00,Ismail Hossain,Ismail_xyz
2022-10-20 13:23:49+00:00,"Studio 9 DAO (:D, ;D).bit",nazmus311
2016-02-27 01:49:19+00:00,"whosworld.lensğŸ°(ğŸ’™,ğŸ§¡)ğŸ›¸(ğŸ“¦,ğŸ’«)ğŸ”±ğŸŒğŸ¤–ğŸ›¸(L3, â„ï¸)",bryanhan65
2022-09-23 15:43:11+00:00,Riwan Aariz,RiwanAariz
2022-11-21 15:40:10+00:00,Aptos Nehal ğŸŒğŸ›¸,AptosNehal
2022-11-15 21:32:17+00:00,Zoe Brown Olivia Williams,ZoeBrownOlivia1
2018-11-09 05:43:45+00:00,"awe || (ğŸ“¦,ğŸ’«)",aweawe299
2022-11-15 21:32:17+00:00,Chloe White Matilda Thomas,ChloeWhiteMati1
2021-05-26 08:56:33+00:00,MR.OSMAN,MROSMAN00149428
2022-01-12 06:30:23+00:00,Ika NurhasanahğŸ§¬,Ika390
2022-03-30 14:20:33+00:00,Polivania,PolivaniaRu
2021-09-18 12:59:05+00:00,nfthunter,DegennNfthunter
